{
	"0": -0.8925043940544128,
	"1": -3.58066463470459,
	"2": 3.750412940979004,
	"3": -1.0077686309814453,
	"4": -3.492671251296997,
	"5": 3.7303853034973145
	}